study_hours,attendance,previous_score,sleep_hours,assignments_completed,quiz_average,screen_time,consistency_score,final_score
4.370861069626263,84.90808570098726,42.959305018703375,6.633572495953526,6,78.64176615731714,8.475049198472991,60.176080383630264,87.161284833078
9.556428757689245,76.80481831720601,67.93306631648507,6.3542731434081166,2,67.27448896060027,3.473792384975037,68.45398514319304,100.0
7.587945476302646,65.47638081431639,91.10620851134857,3.1794944606450497,6,61.41971501722958,5.745187136514821,67.32759794953716,100.0
6.387926357773329,90.68975098534743,81.25574204866928,5.388734793383095,7,35.90746663811797,8.910758866390259,74.5733201931029,99.76359189746424
2.4041677639819286,84.23655862769397,86.45928035030148,5.661369331501,9,57.95581238762837,7.196571062363513,82.37629819323271,98.51064631749263
2.403950683025824,58.130846967244565,76.11483566975022,5.791759466278304,5,93.70942457474939,5.702520144609228,45.75293133196105,84.09710875688585
1.5227525095137953,95.54635922469213,78.45935951624966,7.061206584591326,9,86.5615840934587,4.58972274025186,67.0107093368905,100.0
8.795585311974417,91.12686214615846,89.44369560957236,6.7352178270881495,8,45.1235955508181,10.236256212796693,87.81423951212213,100.0
6.41003510568888,97.4899956645962,47.47676062014301,7.255335649554112,5,62.66254492880511,2.581957853462951,62.4180299686258,99.1791845903056
7.372653200164409,86.28597541941801,64.25974745501983,8.354182830794898,8,87.17062417909813,5.731131641827801,49.49202824615011,100.0
1.185260448662222,80.6707597967895,45.484660927372154,8.690900171012654,3,34.71691883498658,10.941333289526563,75.82963527494093,68.26146402027891
9.72918866945795,70.91215181453094,99.13676055976529,8.02686153358546,7,57.11748099680615,10.304345055059645,87.66371770593861,100.0
8.491983767203795,96.63642416770065,96.08415377806293,9.688665871684542,10,89.62888658117633,5.410359387203513,34.41982050491739,100.0
2.9110519961044856,93.30319447502042,32.759876795795414,3.1276280787345314,3,58.27285049190866,9.39419199961439,84.3753338385059,72.09264303030038
2.636424704863906,52.26093350530947,79.3902620760982,4.370445899784823,1,35.433025131200864,10.054769137797452,87.51535530732399,69.39311574089278
2.650640588680904,51.3183487248626,94.7673822190966,3.052940124846995,9,67.9774057972576,10.777761664039927,62.30660493120248,84.7257266147179
3.7381801866358395,68.82316834390248,42.64027415891334,7.532322999082221,10,90.32197464428067,6.9895634595415075,98.83139597729271,99.74992274886193
5.72280788469014,90.52766653909165,69.75616613868407,9.286213842649907,8,71.31998800672119,3.2490697466018297,85.06958384951164,100.0
4.887505167779041,99.36380646574722,94.08418083116293,4.7043760760340945,4,45.83953757499623,3.808399841543248,84.15637954269661,100.0
3.6210622617823773,57.52084455517641,32.37621850100592,9.489241813574147,3,56.89677340961669,4.2526414144576465,82.34870020884503,78.13710778693046
6.506676052501415,79.70653576760675,78.8194187072788,3.421871732026926,1,61.508635282735256,7.53182728890577,40.54256722527918,84.11007398010823
2.2554447458683766,69.04454283155107,50.81443051607855,9.5410521876386,0,70.54864476743688,1.3609058654146928,45.206162051710756,75.64561405327213
3.629301836816963,98.49571989073016,94.70773367635712,5.4613588106774404,10,83.15457180268291,7.9964671565796515,62.479309202509754,100.0
4.297256589643226,92.10594615678544,97.97407716157575,3.7099457991445157,6,36.92115323484448,5.007896622710552,48.48030449716261,92.94937240354852
5.104629857953324,91.91643523555689,96.09865423794038,6.401102314304279,5,92.27564231122965,4.247659827386064,59.06686806338283,100.0
8.066583652537123,73.43465798974852,63.194995166022466,4.797435974043555,1,30.861679211125292,10.67446227800939,92.19248769460444,86.284331524659
2.7970640394252375,70.74097511688326,90.34298556925194,4.99411031373346,7,55.90366342719787,6.060026351388788,87.70288243154884,95.04378512951062
5.628109945722504,63.670353596535314,89.11845789745493,5.151029754484006,10,31.919421698086037,2.0455835008596206,74.10279149359876,100.0
6.331731119758382,52.81877483254635,52.337033127027894,8.621181284828644,3,57.50819577417039,10.094214448288717,90.06842759757726,86.77272204848163
1.4180537144799796,93.23611881275266,88.02408319054742,6.774128936726782,7,66.80688192113266,1.5240538318015726,84.86406723120744,100.0
6.467903667112945,90.64505045650388,32.59053443008448,5.179153894092026,6,65.81769706070583,8.994241465850163,60.028945228862334,86.58480007086169
2.5347171131856236,99.98588366430653,71.73889149374372,7.272336483176429,4,41.59398429197857,9.512968439477316,44.074560643496156,80.55412866403435
1.5854643368675156,99.83184185369527,46.100618610139215,8.013054719562355,9,75.20183570669286,4.878628665217439,65.99407280065375,93.40039990570705
9.539969835279999,77.77158528013138,38.43968200440952,4.9083680051347365,9,33.134491535326774,10.072666419055654,81.53602177699851,95.33323196211835
9.690688297671034,88.44937075902553,35.38672411404464,5.894843710677461,7,83.33347740926908,6.672253464420987,60.54937191107151,100.0
8.275576133048151,97.23828649412141,78.74021431146979,3.853202653358633,8,96.26511037954823,6.096230186000765,76.6740336848728,100.0
3.741523922560336,92.48236953387058,53.791247463764634,4.268045446742763,4,53.783817900578256,1.499436096155618,36.602919840373055,79.76240523165795
1.8790490260574548,62.36740508715988,80.73367400701329,7.76782497775488,9,66.20675672000323,4.190321130137965,82.36033154599824,96.96199876778857
7.158097238609412,72.52720676550467,34.574943855925966,4.270068433869389,4,56.52371946411701,11.241109679738297,86.88995339251434,82.07352604232192
4.961372443656412,56.45797075757475,52.07032364814272,6.676143685669421,1,30.469727321284196,5.3100635961185,79.47864990463788,73.8755472115995
2.0983441136030097,97.70255136293612,67.7643904662736,7.9633238320570285,4,57.011215202658114,7.013705726124451,97.70845112684559,94.32794175451187
5.456592191001432,80.308731722544,85.35062153872744,3.7481384616632067,2,85.42041814829426,6.852238468826769,87.86564402224482,99.84977531679974
1.3094966900369656,61.43214027517314,52.312675205244894,6.971185537402325,6,71.71921895284373,7.494741988049626,93.21656095135768,81.42846839698171
9.18388361870904,83.58503422029284,73.81239635059063,4.795939485909546,9,37.08819402306113,1.6746405120761088,95.34997584203536,100.0
3.3290198344001523,80.90641202289478,92.0184423765331,9.74048812666306,4,89.29976427856495,4.983938802786011,86.0943594311666,100.0
6.962700559185838,67.90813590164203,73.11042317276133,6.384819527039474,7,67.175974141967,8.954411012708096,77.19811894045495,100.0
3.8053996848046987,55.67787960998145,46.30716323275436,8.641947848426106,0,88.92063532212732,3.206162761802812,30.40030069525525,73.4899966934092
5.680612190600297,83.57865977963998,31.70805470895766,6.851585795093833,2,70.61550631495206,3.2393621530099646,62.607802725618726,84.77946870774514
5.920392514089517,76.01538504518966,90.90692117306509,3.3038877299837344,2,69.17819113865579,1.110996673579272,69.98136090356527,98.9360448200419
2.6636900997297435,88.61591958678196,31.4888587595271,7.432059629158156,8,37.368142963790866,5.812301192690307,51.28211907135997,75.82000872035802
9.726261649881026,76.00817505559966,91.22911708789397,9.6598233954466,4,41.71518131970396,10.710078187407643,52.267311283243046,100.0
7.976195410250031,92.609075015927,67.02559938190484,7.211282741024318,8,98.04176795476138,1.5709103794603991,97.28115909971156,100.0
9.455490474077703,77.59534193872427,95.73473889590274,8.734322015987532,8,45.994072272833954,3.1023058044560288,92.41976056419222,100.0
9.053446153848839,78.04689857676931,85.91482650415658,9.189445243438854,0,98.42164825932575,4.410929921770306,89.4425303851193,100.0
6.381099809299767,93.83268013291726,99.85538773733363,4.596558403642527,1,67.23388945669844,9.048972102206342,58.420826119427744,98.84468882125267
9.296868115208051,70.17414331061985,54.54982708161971,4.484313879357586,4,39.5052332944756,8.046991520828453,30.95889852862402,82.18079226475858
1.7964325184672756,56.70076142253204,83.70318022517888,7.276866921956942,3,36.95115419275851,5.575382950400406,35.615557251899986,70.1437782901353
2.763845761772307,51.43913381566695,58.13516395264695,5.877199288646933,9,44.6204849494018,9.349758331842132,51.853745775232255,72.72270833745124
1.4070456001948426,87.75686278368096,63.59129342127362,8.879029120067042,8,94.7946131017735,7.705941128225922,31.102003909697387,89.57085470270084
3.927972976869379,81.01547756767323,73.9253824252859,9.300161863786078,6,58.99051570297588,10.85644879622941,31.200484734063867,86.51868689621574
4.498095607205338,85.20398840496118,91.15739799304372,5.473949655119027,5,57.680398759504,9.998294240525624,94.16223111496878,100.0
3.442141285965063,60.64820807544554,98.88584284395066,4.658093912821375,6,51.92443827491218,3.780949666981206,79.43109514833378,94.38771655023805
8.458637582367365,56.818573779338486,83.77913897051627,8.463678606707033,0,40.294329539661184,3.985824353976202,51.62691930477069,92.60540607885757
4.210779940242304,50.7272332833941,59.243674751713364,4.923642248836953,0,64.14958380346846,2.378921233716242,39.28512043206672,69.25651780047892
3.5284105871864266,67.52937794032985,59.494990159394916,8.758300229595749,7,39.10334477577971,4.706611982892022,65.81450025265539,86.17180305822724
5.884264748424236,79.49588434273166,81.6307611112224,5.96616777554134,1,88.48361654676293,11.994983105910038,30.374231259805512,86.64082840422002
2.2683180247728636,69.61220225498661,46.71440020378117,7.672849295040293,9,55.92778903927145,5.463262854765671,95.68896207007008,89.1843385798158
8.219772826786357,71.87374610118646,37.733187919197626,3.668747196842677,10,56.23624974472574,3.4253727815801702,59.0370583572263,94.76519557180528
1.6709557931179373,95.20793472468742,54.82355103485436,7.367015272736011,8,63.180449993820915,9.387311729231083,58.16344686661329,85.07136926878798
9.881982429404655,67.41277335116501,50.10672941578572,6.162373751160604,6,61.088939921602616,6.967181038089217,57.341552530724755,97.88707373747593
7.9502029236699165,75.69947445799053,50.741568431919305,7.106259242228319,5,99.64005811415251,2.6456159447964778,34.85298312714353,100.0
2.7884411338075514,89.18265063705715,46.35254257349369,4.176099454214044,0,68.17667848528117,5.187586492769523,74.68255678542786,75.25267587398231
1.0496990541124216,69.8271391160635,32.946523274545335,8.158116214609276,0,36.17411926529095,5.559166870932776,81.31025337398474,61.776554276739574
8.339152856093508,81.10433501139367,31.251175431338968,9.0395795428026,1,72.4814139103851,9.292126706261405,77.32877783118032,92.25660124803848
7.361716094628554,93.11818543733726,99.14056728152221,4.51717860063543,5,40.610900500891596,1.227385057810949,39.6904845330576,100.0
7.561064512368886,97.47603118288211,59.94411936151036,3.6700018886411323,5,32.16563513119394,3.959216114781415,70.51881176249148,95.40995646115393
7.941433120173512,57.3536740464519,56.90286530117771,3.1654701023243548,1,97.95195075740737,6.693559314470742,69.86391389205777,89.6901080942898
1.6664018656068134,96.32938125807472,77.57530978851489,7.493800503102862,0,84.14772240741948,3.957314166981277,90.78875515589675,95.4162887816261
4.226191556898454,74.6058146539769,45.27777215055449,7.249658252621465,9,98.60762946896368,7.912774521608988,56.538936086295294,93.98694085205275
2.0428215357261674,62.91221941494792,96.49728287651577,6.82688188899849,4,63.45149136155697,6.300542272020783,56.004016056160395,85.8966948232948
8.767930832880342,72.95678781191307,85.04415100908864,4.623629672811828,4,67.25802718042833,4.978812803455387,73.296894110273,100.0
6.609683141448022,99.00162876427385,36.258770161858166,5.736341971338603,1,41.78358691433912,11.441294895575634,74.31508574496591,79.62829923637837
3.9780822236738427,74.63090469964348,59.230654304944984,7.161334346303211,5,47.28351986673099,7.953754491051032,62.849965912805324,82.26686421993713
1.5720251525742128,66.43758051437541,91.53828152935154,6.477368012014185,8,88.69844504319798,2.4293550949473532,61.014155363129476,98.50204306845085
3.79884089544096,81.67004271583629,96.13124156039872,9.914498641504212,1,54.93299529823159,7.16100867187735,64.5903369446518,95.20101330673268
3.9266498982407234,62.00728093890965,62.718105787490884,3.955078267897132,9,87.87704816574933,9.588050385209911,90.27317096523183,93.48942258557085
7.566455605042576,53.7931664054332,72.93879724474954,7.866011878333157,1,79.63096070009223,8.79338667242077,62.2816830877737,92.67613482704718
6.738017242196918,56.44398609553246,41.69237622644526,5.830231376730045,2,42.401964769030585,2.892981522247853,95.79522543788757,83.90316100708786
8.98491468318694,56.40229194788862,99.38180382958836,5.997397304479303,6,65.52124562838195,11.696619989441137,65.28026345174283,100.0
5.249934326457543,57.595134675614716,46.21701909684104,8.023184359607233,5,77.41711250631018,5.9369501032126655,96.4440485226624,93.57114103996386
2.0763482134447155,56.94135863247051,95.99122418945879,7.847053059270587,7,46.452605036267755,2.7492750411428744,88.2982331308353,96.2830787447016
7.419203085006955,82.04373724016074,75.4752654294658,9.938791955915319,7,88.14819573640537,2.9821532954096273,55.370192583108036,100.0
7.847065437552077,59.09400421995724,72.54157564152014,3.8987600261788766,5,68.13793602816307,2.0805849140798856,90.45489949076313,100.0
6.051494778125466,67.28336416619317,65.88819577115561,3.7287675456891645,10,41.56694353098222,9.838699192784278,37.70442989407807,83.31825075658976
7.938704619591049,94.8394204953006,46.14688682024311,8.070371719901189,9,70.80890983152217,2.342335437540335,94.75330227401102,100.0
5.444160367279517,73.69808201314362,42.35696224038558,7.048708419044864,2,99.97996629091398,2.3763778285592165,74.21504605580242,93.97505311230333
5.704595464437946,83.37788692605136,45.43403463491227,4.919124665918641,2,40.536504416438945,10.355187762369214,33.80735239656178,68.55177666688309
4.847869165226946,58.61599356008149,43.05067835009782,3.5559355829229062,0,87.17298510836696,4.790644928923156,75.09797065555681,76.06838797476115
1.2287721406968566,59.61445094043354,84.57091314967273,3.5996077471750136,6,44.51163022312906,1.3394369473887968,98.19733579013293,85.83085836760466
1.97102284293974,52.043430813323944,54.508768141671105,9.259336122648829,4,84.7671830622061,1.5708482947025195,34.88604582302403,77.83952799990878
1.2828626711806081,58.44675315360823,34.048987359437746,4.3430712730312,3,81.42045461849892,2.5638749137428514,68.82813968460604,67.68819834894872
6.727693701374023,63.92951695159793,97.83718410985679,5.263600934808645,9,51.034256992030265,3.347326827732585,82.34560448315607,100.0
3.82920382968694,58.85052421383734,91.8650119474398,4.586594815588916,3,52.80761822951149,8.31660813662246,86.7181010689672,86.39149570053324
5.577136220482325,54.43512668785278,94.94265982366491,5.484974140823561,3,85.47649743740433,2.7305890800201107,58.967922572455706,98.25486222970092
9.168098265334837,56.03179355503004,99.64354758525047,3.4859668992226536,5,62.301185832111884,2.307618302947792,44.29165914177701,100.0
3.2436300623398746,73.03893840163629,42.17266744536411,6.633418536357892,7,81.15726200982661,9.411910556239071,32.96395951406687,76.3872686853622
4.693446307320667,60.31668592028963,57.736941323186116,3.473287945145504,7,40.358890315608434,8.38160812245906,70.58083099680573,77.67318248122409
7.799960246887438,68.21349305240378,83.07669329928639,8.60249555475653,4,89.67904473310875,5.788566436007598,61.703774918732755,100.0
3.059183489424602,75.17086354274284,78.72144326376545,4.635984573373031,5,79.76193016776233,7.042407486281143,96.41210766047976,95.6415577697722
1.6928191884591368,84.51974143146826,40.772713443789854,6.780083402231574,3,93.48599661843838,4.431824223590603,34.242343540043684,75.11054071255272
3.6077630762239123,51.965606992054944,87.10831874934325,9.160553612930208,10,39.26606653244807,6.307504622588967,77.97767404122041,97.09076143754628
2.4509915852860398,89.97051994545214,45.710840028566246,7.556141583330359,8,71.51101502524185,6.5733991388102035,31.747635548404002,82.28607992946758
9.367278871083158,81.39501947454539,45.667233037583614,6.730704505859347,7,71.93844095282276,5.259609982959055,42.000392369737995,100.0
8.273083416079754,54.08795159744359,67.58820960253895,5.270336271807629,9,54.74225183827477,10.972294317393791,61.75052999459839,94.54392634873288
6.700633808593811,93.67893120533887,71.50579543891922,5.331013391407385,9,62.09264971984805,1.1766805147910677,61.84107099620077,100.0
8.84314531168946,96.04362002659066,70.60603454864679,7.686408686387331,0,32.65870943028974,9.603883894003708,77.99903800535508,97.70020670781707
8.23304869209203,53.05389799274319,36.40407861784284,9.958975528548173,1,82.21020270389084,2.3682111436545674,93.71491244074296,98.61276156664012
2.6791305299743224,63.843882407360184,91.42226038412662,7.63287432894565,8,68.45257355822218,9.773020965909193,74.73225112404447,95.69289996414545
9.0330309864098,90.31006398965306,48.592002981209426,6.904483921590174,7,34.04187363084216,7.775031072443934,96.74745684960561,100.0
5.854080177240856,87.41298451918291,39.06604448979629,8.114553571674723,2,77.65291250723399,10.276059000300426,91.71309479145984,91.9594846254677
8.266961396476564,59.226050967818864,92.2123655908284,6.256439285986027,7,62.674745406183156,2.072657582049872,70.91498568715531,100.0
9.06482169931144,60.467466166835514,96.89560487608274,3.4209963982054967,0,32.41228815975,7.148786975097515,88.36543656431792,94.94802306451183
3.8620312747467747,68.5236051395691,90.34893320858154,6.936077711145368,9,97.87254087936668,6.511966682884168,74.98043272265438,100.0
1.9904673207490908,74.22614925955106,86.66612523074147,9.703376991537661,3,96.43785001626084,8.768125012596945,35.4990481646609,88.95572195977077
3.051416462877475,80.9127385765148,75.86693864473152,4.227120596503617,2,65.90316913030384,6.877196070830434,81.8395306281657,85.52997961596557
4.843970097636307,68.44568197848862,68.56001594263975,7.830034235744661,5,36.55706944941372,6.948080238464146,36.643590888714236,80.53805480079426
8.362132893302437,73.1267358066574,36.08907319379871,4.406535820613396,6,82.82348551190142,5.725555379336711,71.58579463987988,96.10602004751826
8.74657524930709,87.37354690668784,58.59172491494891,6.750793791311569,3,64.43517700740102,4.39717866408075,79.18481441007602,100.0
1.0625691747807164,51.834160144529896,56.08819619086198,3.6767351475270376,6,51.17132348025659,6.304907973774114,34.656932574759864,59.609533971007785
5.596725723198092,62.62184721720104,48.182764863222836,6.152596553807296,8,64.39927242699898,2.3034159464524064,46.15562577485723,88.39761014678163
4.7566990283390105,85.66747929422762,80.63940795820095,8.293143302266722,10,66.57109017838252,11.576646728813932,94.09705625831549,100.0
2.9989702942365724,94.76034188435997,64.71130145551396,5.433000669672874,1,69.38981893156375,8.858518399892581,73.14201445630275,83.16943975262245
2.0787883060031453,75.58387210578331,35.673235113535355,7.654382071410526,10,60.88565995587285,11.477138283566315,47.24002131673721,74.75930221330063
4.038536542632651,76.60567426326578,45.41282413648679,8.568149725528105,2,72.40287121973397,3.494001205629596,78.34758398036047,88.09799009846782
9.486187335212673,55.358600566988805,77.8281134561717,9.490244736356168,4,94.31142974244642,10.672751221941809,71.77434939731828,100.0
3.908826388186797,72.37061834117273,35.32916016432101,4.642494572988175,2,55.35876609690138,9.896689830198923,65.11029899425638,66.55808481270455
5.669115595690295,76.63086332275115,89.5844839834138,5.795211410665157,10,80.80015242539643,8.44867653703441,98.33308824916585,100.0
7.3271706300566,62.12352518173648,64.6602568909782,4.066912093312922,7,92.61167897769624,7.875321046937263,77.84176441852563,100.0
4.272666421413646,63.46216154746905,63.64106041286536,9.947384515108627,9,61.91854930319558,4.48204631794657,56.28087767675389,96.25118288926339
9.746038744488645,68.86420815523113,71.46854492616623,9.489006775470067,7,61.04190854673329,9.980518634615338,86.00514024538076,100.0
9.662025654479,51.003559888886315,87.72766761476043,6.779699911963917,7,72.14818897483457,6.516670076277072,91.92083050448315,100.0
3.2660406624282774,66.10395827915892,54.34664455315351,8.89423306063495,8,71.39847315957417,1.779807334804139,38.7654391661782,88.5783911112802
5.475236553031469,60.572400349827234,77.46113067913444,6.646705840904295,3,86.46125396283938,4.44149476940643,44.03870844916865,91.82400437852446
3.707904788350927,66.37486760889573,69.60123747970538,7.365099816019318,4,63.353836864480485,11.288268083998604,45.13589063894458,78.31278326870343
3.5635644493972087,55.98810659096256,48.69197891185949,3.623871024812116,4,99.72860647476088,10.357482866653308,78.38482665705783,78.06782053974939
1.3319825261907952,94.52636403699475,91.50409904486105,8.286892943477655,7,34.163009820709654,11.80096267884193,72.21276885372984,89.84349330831022
6.486079005819072,79.67962267770244,85.81982151248496,3.8939943854466437,6,30.22174940064912,7.907927208645079,73.32940952890118,94.34897073779229
5.524111209059753,83.95511595722448,76.09162842608978,8.782473411767699,8,74.81388180917367,3.7226108045445314,95.85413097826506,100.0
1.463308761249904,89.45856193036691,89.54072103659693,8.474196613692701,7,50.89044386533136,2.7909655464455017,84.31380729651141,100.0
3.507818178129503,74.92210994645286,90.71059406718616,7.961212884200835,1,46.826767208963865,3.056058846693078,38.95558471582483,84.6206028750621
9.174392973699883,54.34601440437118,79.58540837005243,3.253122663673335,9,51.832935600299635,1.2177522418197984,54.32549576976267,100.0
3.1560570160027517,76.85532709092739,88.59093298545704,5.1218984916173005,3,47.923329557346804,5.297503220845331,60.4775552323015,84.88430483505657
2.304053848821008,79.34205590104395,78.82300231684985,4.8417879893759,5,32.15530347623135,3.1057044854949676,57.71731121233235,80.6472175501596
5.405074842498067,87.2719737092165,77.60985402322103,5.520954852300633,1,98.0073129673412,5.5282100650237265,76.85160264133154,100.0
9.870854086995406,71.58297731148397,73.3027964750629,3.61349922734687,6,45.45218419169473,11.28493875022642,92.43251722795938,100.0
3.178497443603504,56.37901513977819,82.69016476903488,9.55870476121744,2,81.38208338125145,5.73594230457909,51.42360244659516,87.74773601019773
7.049219926652907,64.18879528993622,41.10235737051516,6.876615684986634,2,83.38174762859228,10.657829466833183,68.63139954948299,84.71685520322578
7.854576537958458,68.15411481993175,91.66095314392498,5.138670174606165,10,95.04801786050605,7.660552432774641,85.258659533951,100.0
3.1387378959315972,82.29586206658007,91.02904694216625,5.778870619519984,1,32.1384619965366,3.718447101275311,59.13526411917445,82.74718675849162
7.553947137506736,78.53891523344559,32.047309812419144,6.13041778353385,10,91.04338369129053,4.914402351851326,41.768268987950705,98.7371984942753
4.3100481944732785,67.80483629489231,87.80717253953338,7.204160333524321,7,66.90583265878601,1.9231148940357237,63.246567568462375,100.0
6.690752475342215,99.32576243964898,39.020890723141164,6.609755993875485,5,74.27808769760796,4.668088529556115,33.86557645201199,91.91886124997356
6.7017673968480524,80.28874096784436,53.45831979813993,9.43574381250092,0,75.11291939847236,8.452950400538874,95.96684178015938,97.82219100599387
5.821972156672826,61.86133958679972,82.04557794041254,6.478744380340812,0,87.38584634893093,1.793222022223787,35.237484363648115,90.35312984409016
1.8126079304896747,55.089123631020186,41.253192723381574,9.94510610376319,6,53.33851255113774,3.259415493258323,60.69197006754047,75.70228580101232
8.51772246030314,57.642956959216605,87.25769168833435,8.959974704215671,7,81.31358329019955,5.195851455546427,67.09168827619683,100.0
3.8870205847456223,62.29788641922541,88.24939245704194,4.459573600501351,4,67.0004676805538,11.802544907175587,98.97126826010998,90.15202275930011
2.678666593598688,58.03406866297779,65.52274136325853,9.514166502507415,10,85.53758100137435,9.633480052547682,41.62152765500025,89.19762679851597
1.3669762739928752,59.32835120256529,30.44701102017835,3.814564785198333,4,99.33822229390934,9.068354211413142,38.0102063028651,60.003969456695316
6.318036488694176,64.25475843469235,50.09266932224389,8.722147959438342,3,44.04557121826329,2.2781005217799057,30.60943029437805,80.73734169569065
7.098079256580542,58.66867976473774,73.18488428630195,5.664363054336061,5,99.62540490919986,9.590954829764906,40.890000580851165,94.34373481251903
1.1492904603507053,94.83827123132126,98.68303246191964,9.145820243115487,5,36.28685079979418,9.637956926676166,44.50910853473673,86.4299056176968
5.608837524693529,54.01168728308211,74.22694689116679,9.076396830752152,2,30.16222835333697,7.612129651867611,74.14066591081647,83.98298883966599
3.0384619767814414,76.22556947851274,48.186250674491184,8.641477800823349,8,33.09133553244819,11.89397960198209,45.379475327398026,73.76884869393845
6.806555113685048,70.51984134948307,74.38039921697279,8.53021305414943,10,53.92476833157332,4.5777929651700715,31.436457031052765,100.0
2.569297861044923,99.11893084543033,67.79897658010988,5.1327539736862855,6,74.30344314749038,11.353996930660369,87.86328418517421,92.87659815105937
7.218439642922194,55.60194510840262,84.58917766058005,3.566434981358765,0,34.83206786214947,11.06204226452154,55.59169907027767,75.51733055094759
4.480618116704837,69.89277995228709,37.48864471788709,5.82086125135613,6,30.39660701706971,1.1262872572431561,54.75876806065138,76.02297984033629
9.43056989863061,98.47352166376845,83.27195317514196,4.214671604905561,4,95.59637199211564,5.951281791222922,51.17353204175486,100.0
2.2376884973139393,93.27535629469901,67.88866050732773,7.864657622317232,4,87.53486451579508,11.748146563567307,98.27612940024946,95.95917068364582
4.069597159452327,90.85360354746399,97.40944027012962,5.422698085764498,1,86.64282197973218,2.1343349864888337,41.90807921164971,97.78178382399389
2.021261691165302,62.895141352246995,53.931051622708026,9.829271406019405,3,91.9096992851384,7.025631638216514,92.87666447672646,88.54756044919894
9.322242564507064,58.54437936950329,74.28353251937637,7.4868045414173245,5,79.0023990940473,11.768532577452145,84.37623324979216,100.0
8.896054180428829,83.43216099622154,95.24196738570123,8.757363945440527,9,37.308289082365704,7.110449665164462,35.35359688495191,100.0
3.3214746494364005,96.46879945637929,37.175680959347545,3.927672709192939,10,57.937013165160614,3.0879683326937157,99.0710371050594,95.05707255188673
6.939856414307611,77.83814465069649,95.60599410655158,9.034101375908358,6,80.62046405252406,7.404015531018487,48.99561744773074,100.0
8.354999801810942,78.580634473495,78.15200056105694,9.45930033359376,10,49.623412255406464,3.248846313445015,36.90080489156887,100.0
5.996807304395161,63.998954683014205,34.74859413736203,6.409433431732552,4,78.11844548953664,6.7167468918393265,88.05199638880316,87.88957983494296
5.766855205204059,88.47464665959684,51.067449686277136,7.243770564256842,8,31.714891378735665,1.8144643970358278,79.46728735743899,98.38998226238604
3.1766706181040654,59.35218742787617,79.57204620516971,8.35366860632097,2,51.429613861571525,7.6603093613584505,73.20531641145305,82.56891404783177
1.837924910253093,66.18396182021218,34.71454210281402,4.223870390822888,0,68.43912353940209,6.68468933040974,40.918660458925324,55.333738738228554
9.074941821579941,71.27182193082083,70.75193221233913,6.517962535244097,3,74.24628806543696,9.141775056376094,63.494728137917335,100.0
9.103762514469974,75.38051893422275,54.21181398670697,5.7906411944061915,8,70.39284651233376,7.937705182746635,84.63892188210497,100.0
6.697913115459412,62.12048662075401,73.4640862437234,4.024617945135744,3,78.84293932514007,7.045668953838323,51.253675670068816,88.5828016283585
4.051268119438307,55.74184123696018,33.2019423668759,5.57274095604072,1,30.426212376788733,8.587567341729333,51.8182879960529,55.487805012863674
4.142886171513948,80.53100212208163,91.00757643066635,3.4772061656984548,9,37.06588399842651,2.583361049294539,30.219863423368547,89.96995186773322
7.533601109832154,64.43152766201278,98.14422784241778,3.180683348646409,4,90.82609765954015,7.548956273844645,42.19703811517657,99.48844075656224
9.073992339573193,79.06191107113061,97.8214498699984,3.9461640240837594,2,77.72240508631128,2.8932166310505547,91.27839375852841,100.0
8.983777818386056,57.718135763710116,82.47562822200473,9.741805781124217,8,37.90521498802079,11.18074428637069,60.9222544146395,100.0
8.018879912718614,74.05700509274087,39.106036809144236,6.846706751265119,3,88.94521061790056,1.7516751533016461,98.89641494641037,100.0
6.77828481538859,76.62947162757929,83.07842371503159,9.760755128072539,5,46.95618524771969,5.734122246598726,57.69955745016548,100.0
1.7572596849554394,52.591176841121346,31.721084152116106,6.027485148310924,1,63.478191893665645,8.653772254209894,80.06305183461689,60.262357175536465
2.454658426851524,66.83021390969603,31.548648607029808,5.182712931596817,5,40.16375590192622,6.038244328350846,49.73433300333104,61.95921505585352
9.086987696743714,56.72073384694871,52.652715340467886,6.542993039881709,2,79.70770394951947,2.013047785561926,55.466674879865344,95.47588825135867
6.457861536936309,53.168748523638385,64.2050233283266,6.076581820430371,8,76.67980947099875,7.087169177393781,43.35081913136263,91.37854184941932
1.0827734645496667,99.49801161949726,83.92851924654553,3.739652789832207,10,44.777872981629535,8.0579509971009,54.29436579495765,87.27894521487198
1.913243885794289,66.11769224873615,77.83067636245536,7.485784202831444,1,90.43805367999013,8.741715420895584,68.30662642944502,83.10259761772126
6.971515921972502,90.49372229273175,61.21318944637238,4.512267277567197,8,58.09142169537985,5.105857959090348,99.42410166854746,100.0
1.0455542546159682,62.732032738188195,49.15386663971661,7.337115684284807,4,50.47605637495192,7.200259681316384,76.494119915025,70.20533197967941
2.4472724627574878,84.07513611119646,99.79871501103977,7.551407646787074,7,40.663071262517484,5.957551224328045,43.947216808581985,92.28334402432158
5.938604104299275,88.01139299448432,59.83269115651811,4.064173971900537,1,48.631760876087625,8.392616426274788,33.14730091140858,75.00644808280457
7.227056779234239,79.78193703039221,61.59709170307728,3.429447389774677,5,31.54188448566719,7.419126640573004,38.84495369201574,80.89201951396416
6.867651335523405,73.57880942750792,41.453667483416844,8.465331102479078,2,70.82802447192809,6.783318415150483,69.3788640891133,89.74647624227877
3.018423785145038,70.59204570736343,85.63666841249506,6.218602966385241,9,88.95615224407635,3.744768035220735,83.56122301717365,100.0
7.409612992127823,67.44341332714977,78.55775580470421,3.4071465685383306,4,68.42863146091493,1.022203695230573,95.82934451105228,100.0
3.135241787471201,96.4764572123913,45.45387289521322,9.96406422018837,7,45.349177334671296,2.914898428425722,31.107622039777457,85.56653899650712
3.9285972834334095,91.53097038938645,35.766673193108986,3.4044639269745662,9,32.35684247497109,2.2877264556658554,66.59320990933088,81.9650616083691
7.718422646062217,98.25134553332563,77.63495114522992,7.865246602009872,0,45.0239651281162,5.939932195120415,62.96071493562238,99.65144982475324
6.846696091424932,56.21486117427724,75.81578499967947,9.885752476843894,4,59.12849996497646,7.734839658380291,75.92385153829929,98.98976635696471
8.6430106944476,86.54337376018222,49.12816688987465,4.674260729511479,2,83.17280000898575,3.34393509553289,69.17051981257393,100.0
6.91851603070309,96.91702284105189,96.56044935752873,3.9957455808103735,3,43.148999677644184,11.32962805563906,78.09274054077363,99.63120258001872
6.114777430019244,59.061653308283006,40.574052424663016,3.8496945759570025,1,80.38540173482802,1.0735034214627657,76.06578093244332,82.98793700474695
1.8430729104528323,53.32481336833887,60.26343607298213,5.122926032973169,8,90.68534278463186,9.495311166818771,38.19082074005623,74.8028257162802
4.309442227534902,87.05603246450295,96.05311441173193,3.707320677074527,2,61.77627936758499,7.877252464834864,85.98025395331037,95.31875483017299
3.386821309135529,78.7236556589956,59.38091218482856,7.845129391858923,1,87.50023941498154,5.109102811524501,38.62628030014274,82.0613672791977
3.195906790411752,92.0914388379136,74.696816336486,3.436042586910439,9,68.82601436245669,1.5553783885364871,78.8971437646396,100.0
9.75709499277201,56.988618831314476,57.831607857395596,6.5659548970485275,10,74.59635859566335,7.902352289627073,59.13017573484247,100.0
4.537879522000844,89.76336559299452,49.1950641644069,9.976877976970837,8,66.83949222367418,5.241748641522128,65.96955142036185,100.0
9.02841899659402,60.08136600238723,98.87843535718798,8.69779188654213,6,62.422090172593926,11.29893853354541,93.23086100629973,100.0
6.680247633975366,58.18279714328523,58.65338044205301,7.306536067617076,5,46.42574092430945,6.961890823787425,92.29186085314406,92.8162681182497
8.153301731874835,58.21328989654965,92.58694425753941,5.143775345506281,0,51.22358416227323,11.336166624228591,87.24994139585206,93.13074577752533
5.523733837946729,90.72873601156911,46.09682241237603,7.367270854041469,4,50.297908326052635,3.425320628206345,65.71038663194263,90.59474101054147
6.192134961637232,83.25986103481,44.91732928175583,6.689290247381561,10,69.43022516676703,8.982985014005136,81.53678670936831,100.0
5.432659244369775,76.15327123845597,32.17938580191579,5.982583687232601,10,38.396758511672296,7.789739229335982,65.90279388631666,83.59210591027595
2.7571868901824006,67.94152420617513,75.61667777631195,3.914972637181396,2,94.17541834916346,9.13349052814443,90.87242577323443,86.5171804127207
7.502069037353548,93.86002704065541,55.796844060663275,9.206229506683268,0,80.44586016981793,3.361346503697905,58.19430832630299,100.0
3.526951261967702,69.62225537113177,90.50507748877459,6.148492541749258,3,58.10119416392355,8.314939678615511,97.91647410904137,93.41226159964289
1.2188436978830846,90.82997197357886,63.124693468409,4.362357582745355,1,41.10369011684646,6.478444323625559,95.26259307602143,75.43546968135784
6.80925066316451,71.95674542851091,97.77353995403053,5.5743154561410275,1,91.73945188051451,9.171074723969479,81.91218336162498,100.0
2.5939961146634403,68.84722147124538,42.98678609921848,5.898908267702489,2,87.66446630708157,4.597491085669995,49.559111892325035,73.50491471446627
9.464127259176228,73.13398928348032,90.80362175689275,8.79276526896812,7,80.52050869020255,10.790627280117778,39.21575121552809,100.0
9.585357193023286,65.0688937082071,84.36177969542192,8.135300663929815,7,49.00829331878697,1.9273144607248542,89.82924150652383,100.0
9.233779511984036,87.38046900881255,83.96452912508364,8.38513425548938,6,58.17126462035682,9.87908250670307,41.57116002965729,100.0
4.331428302298999,75.13601950462396,89.13482596818213,3.0772188510005307,5,37.19237767166963,10.474515883966,89.79825522981349,87.65307972313225
1.1391095487598069,61.61063475734086,83.27167936600992,5.913077987258331,8,43.232766730927224,9.989775425035033,64.35355046986524,78.19655122643557
9.354867063289529,94.97872866372842,73.83542251419908,6.369409061447265,3,84.8111646121713,6.639990336879536,58.458974866567296,100.0
4.8536573348558285,69.19456106866056,39.18714143776713,3.1343459377613967,0,80.05271031954787,5.822234780338374,93.22335451841005,78.31469875302574
9.699893371393026,77.17764305569943,32.27683256438763,4.81869246121524,7,71.54400340831543,11.958885151773645,72.26956877781944,95.00078565505116
9.672579793803276,95.32360554822735,94.45934934709808,8.322028761854945,6,92.7008708148321,3.5208914633557833,70.36298049908024,100.0
8.677085099206241,81.21189979569961,73.16552201645166,3.9597679401029935,6,70.82865624691317,7.015635624636491,69.11361612370783,100.0
3.6500400286262713,55.8449020354182,85.75761036833234,6.747170920168141,2,62.68775999745275,8.377430779205582,55.9818661213672,80.7913656858848
4.465879557417328,96.99160618067376,63.706564605878505,4.5064131041206625,3,53.825952241403385,8.709543994475752,84.9950172470389,88.81368795747282
8.660230043651712,81.38540265357089,38.211573227367616,3.084845422507253,9,95.83139540153208,3.244271323124366,47.69589108110411,100.0
3.852298046406499,66.7452807328543,38.76300545417853,4.68841020319679,8,35.79008230670475,8.193935015737814,95.72264720288925,78.65212915281037
2.5254347201748324,56.96360363316936,77.989570106028,9.831116284370378,5,95.16211604425659,10.00206523129471,92.57896435328726,97.00731442165382
6.0112113621251515,89.7012594635148,60.12141264296239,8.610759783180928,4,87.87002619517128,1.5502043450322343,53.623622797242874,100.0
9.425392967447028,81.00363779642568,44.03673086902357,9.717036510247233,2,39.095094717499094,11.026734226578482,81.06246388821646,94.52378671740574
7.264268170074757,76.67305459881608,64.41161827190058,6.414978307484537,8,69.54890503726776,1.3245446065972653,70.12562361147141,100.0
6.1305505308042845,94.69462915254789,34.494625595259386,3.7681533907425244,4,90.65835872243608,4.915681357372337,53.635451139946426,88.99214353182006
1.8745884439369167,89.42986056122655,70.73799813400791,6.8357164228158505,4,70.02664145250077,1.1739451585625829,99.19651535968127,98.3616797821299
6.535065040292528,57.58374398663756,48.82953831045684,6.180641341919726,3,93.50398750924356,1.8485968539354005,31.766614209378496,85.9961974841297
9.91048465093837,65.5861033897774,85.82913704460317,8.910499579177312,3,96.00886717712298,11.02285113698087,47.685222143490066,100.0
2.260756137128716,62.424456990723286,51.72533712465017,3.6865780654897122,0,59.56691655290141,4.903469138207626,66.40518427778053,64.70749575026687
5.664966871273631,87.19731462863385,61.86541043572608,6.417687959152447,6,56.411956298442654,5.672486834675582,66.53671024349947,96.03212818107383
8.8963576473516,51.67662173678897,30.813437793567044,4.05034065285789,8,95.54248077784098,3.368788195208079,71.2253152461895,97.58629934224864
7.66691755978784,78.49448424356582,35.07128214561912,5.27273148823042,2,77.25980428047677,7.568053472053918,82.61733204160436,89.97584010305944
7.273141668957412,88.12293428703452,57.47454894846794,8.161499541714598,1,38.121587694371854,7.542835361455686,73.64344813635074,91.15351145272311
7.322356755883983,93.83828183808748,63.595718430198644,6.332126905581365,2,32.96042244558768,5.094204310077412,72.01970223696259,93.92420810305357
4.2354203609777965,67.10408743579538,72.00143836835126,5.631217996020386,0,69.52403356980841,4.663383589859382,33.74601240391303,76.45284376927496
3.64232659838044,91.06286523360063,50.416380509651226,5.761333949990247,5,95.11196758068972,10.734607389986465,56.35712014525088,86.66574281462118
8.284250399306622,55.53158684776036,78.64873202885798,6.2161273788419065,10,89.0974091684073,5.216126636064216,46.24390177908092,100.0
8.291020552112627,92.3226145867259,90.20856780324432,8.495115806859399,10,77.30934225250354,6.42851091369849,48.57590781213828,100.0
8.803650867220934,56.37443311659912,84.5895692225345,9.244592822581641,6,39.73810942237613,4.116352386674237,68.80362320382415,100.0
9.219164973008242,69.86436452801837,32.773317774385,9.687342805527498,10,47.79619686240869,9.654464536928401,43.96537204507259,95.11533774358962
5.60208158974844,89.86476828897767,63.63548630804802,8.508323703787067,10,91.28578585868313,5.371929725890008,50.57643707118282,100.0
5.513646652184796,57.49587136743869,37.34511248927224,5.207848270236089,1,42.79650656598303,6.64972151198757,46.59592959621381,63.98892397339918
8.184656610700976,61.462569761632075,46.943151110376924,7.816942942605795,7,49.490758577530414,3.7869288706562756,96.39520602527364,100.0
6.849675376999887,86.1126284196533,99.06638152870025,6.0632218683877435,5,39.07204558368093,11.86425551575377,96.12660125197667,100.0
7.31770189531933,86.00182682730372,39.974688003105925,4.782694354322358,3,77.32757619900877,4.206453150160952,72.69590910172363,93.75954486521697
8.16213402492491,82.05738164426486,64.92217074159493,8.88610105598146,4,96.07876137542468,9.478167839961069,94.716572811233,100.0
9.010048076358096,84.697422223355,73.27090140226834,3.268984442736275,7,48.82776221167702,5.702452153924351,85.00688518278612,100.0
4.041956411663822,77.13622216737981,79.17254793808728,9.312333944947966,2,63.27846254950516,3.2683914559255385,71.29635179612661,96.43043978007047
4.380246573759496,62.58995294534763,69.17540784408399,6.2303422523731395,2,74.4037817797843,9.796906403613473,30.4504648047757,75.01968788342151
1.845837458567821,67.28479967519597,30.683959319342858,7.460410337657963,10,99.96263737509415,4.669674679319475,84.07614002555829,90.82653133346717
6.204521268965566,59.079885840071285,52.85229157707943,7.6154774554404785,3,37.33656454983005,10.517126821375921,79.17418391119281,80.0508871583029
1.3234804641706788,95.42252806668142,66.2398150369298,9.265824184945755,0,64.89995596539964,11.067829034096054,73.06775572976898,80.33603330943684
5.190382163192141,79.16958973830603,36.15065494013834,7.456687775170451,8,56.958408393175006,10.458062189304036,83.22970181777302,89.06494435969648
5.883801712368189,70.042570838182,54.543885184642654,7.297535093320432,7,90.60741156556486,1.3850870628748622,65.9045515342336,100.0
3.5788712691545594,73.10029018220663,32.32421761539566,3.46656428392483,7,63.317741170815914,9.661106795056162,79.28582899249373,75.20062666013828
6.317499345121097,97.36416698059077,35.500494800851456,6.628856153616429,9,37.76842672096036,5.5247341314905825,95.46204607085453,99.61327970436159
1.2745022494514449,57.66757015580401,57.78462933411173,4.051183005719292,5,74.40969017006086,10.610952122004475,56.30635110922604,66.8070091543716
1.3361336987429298,79.31149160083986,39.29010278301423,8.162036381050399,6,83.9546432784716,8.017496889532126,79.56852844304379,83.156996235596
8.403405045936925,75.2944339442233,69.72785937830906,6.5855534456887215,5,30.20168761659302,10.170074475583542,63.29814726076711,92.89441900089759
4.241715772701366,80.57271177173239,78.2625478396086,7.761594454458473,8,90.12696797944406,6.493749468535189,77.20797562697871,100.0
2.143544613866963,50.90550919104203,86.0410689376358,3.2917103042166898,2,43.02161000039659,6.885280550588261,83.40253348880549,72.68350153434697
5.700189340493239,93.60619544720757,44.010517097136706,3.5935441123206227,2,68.64485552573646,2.5882639534703396,33.181675030505716,80.39028312937572
7.9299419778874976,96.60591412418063,41.72378075813488,8.014263716438776,2,59.10582504812151,9.62386094558291,75.26203107640633,94.65431673524553
2.9423892474715885,78.25665917946044,37.31974882340802,3.5045903519907133,9,80.37576716273713,5.613285728336688,45.87188290848612,79.10304414386366
6.606014282371002,84.8325411938446,74.55011746805457,3.49879709435681,2,55.98131303500193,6.500881300987409,76.90227764652968,93.01542212304214
1.768127184943912,96.12496905886479,79.45330085408308,3.084759326644212,8,90.88342236771976,9.636074855052783,62.78311301536694,92.8232002583143
1.4651354905174694,85.36193171566993,32.21103013779494,9.695509788096361,3,81.1347452671153,7.587299400873829,84.1486919305421,81.42931104278534
5.782191684113332,57.62695214571307,95.53485723705829,8.16255851621305,6,75.3399219744045,3.212086001869342,38.63805706439175,100.0
5.865716094490959,78.81441800834065,33.63798985560307,5.472759859514449,8,85.7368416893998,7.49255925065982,73.84256461593365,93.52312339204947
6.736869113483859,80.3357523191428,67.89074347107493,5.075749069013586,10,82.78161244498676,5.483961437776213,49.49295102492866,100.0
7.534822003503954,71.2065335651193,79.63423636156415,5.447922608220947,6,32.51570724450873,6.164780962482489,89.7087396731414,100.0
9.782668715162812,86.82221178123615,90.967838662226,8.422574718268272,8,57.63140476913797,1.3114240184293458,94.98684539454152,100.0
5.646703134710758,96.71835073845074,79.98608524926995,7.629594277492901,2,95.15651081215428,3.3103228446790975,99.74788055753388,100.0
3.9066082564712135,96.27842564533881,86.12096581488544,4.2963689750722756,3,38.80069882945584,4.09141889519131,85.72051816990984,94.20138267154249
8.156675752918332,72.5419685702066,53.761513477996424,4.21876534733859,7,81.59675853024359,8.842560086446863,82.76138492996031,100.0
3.437490261358668,55.661902292037766,87.03775796225585,3.688769547993781,5,98.22142679347307,1.1264172062792683,45.085053120728574,91.13259028556979
4.950742786350725,99.24205994811672,35.60803924692726,7.622119037909367,4,33.65390403314802,5.496549873520452,53.52049412930761,80.81597341069833
1.7061074320803935,91.94490432229671,92.63716592423694,8.350608635552152,3,77.75357164386273,11.164295574683061,62.597777923359565,92.06044456111266
1.2281566907391177,56.233134060163344,68.33146633076154,4.855324998275028,7,62.77078989107213,2.230686782040362,84.13667334475747,83.62212420543283
9.663835732101326,96.04209413086862,87.21084389737456,3.14661472721639,0,70.54226787623054,6.6806682704047216,94.04761055545781,100.0
8.523821084609853,93.49481810310641,61.66227991628101,3.5752016723349915,8,35.97389355390274,9.651746206299318,43.23973700160892,92.92798340905583
7.263767854843282,75.94190285630361,75.05043866375675,9.775020243915213,0,33.01048663068576,11.367844382721284,94.5657239269072,94.37540784894716
4.680576499728429,79.56377178724647,66.84818626552791,5.068113442341942,7,76.68066623856453,9.214543034870898,78.69372566478407,95.79254244194118
2.559648880637612,69.95013519350651,81.21126652287323,8.384562034866935,3,87.63166008745026,8.926221035088467,72.7539511479527,91.54284886846165
2.4079333840397745,52.73808194110157,35.71409874214127,7.372644981979846,8,84.7410734453077,10.091368992153386,43.98888898973577,71.85441502629284
3.252186083481358,66.75986208229504,34.22464587933946,5.673577477570271,10,68.06640095063662,5.90821343075298,33.88675229664054,75.88834365602813
5.943039982355084,90.14267242990057,47.29722638071025,4.439810835368886,4,36.99067747953247,9.864289858796164,69.79254289555578,80.67888440978753
7.431363304300561,50.23160115023014,41.16812760792318,3.849704927115845,2,78.16311106852098,1.0876084521999623,75.60609783302246,85.86074089205867
6.941776390459581,66.6749585845572,91.02484966145411,7.305090776272066,8,46.93222184879022,11.170171609144854,44.75470145482818,97.16040725377016
3.5194050725134858,69.90843467954717,45.344979115063104,8.422436464464516,10,93.77480919371686,5.876371604688929,68.95193440778195,97.11672375519157
9.593787525968747,76.86978014689615,98.31056790733919,7.507329774787915,8,88.67857516819934,7.087182066523224,89.95453819338016,100.0
7.641072250261916,95.99278082063802,53.58270542397748,6.712114932744108,3,79.65680769611737,3.8037047380637055,88.4546161818514,100.0
5.989186472602606,67.31729971829806,42.748254098208946,3.2936585640214537,10,96.41921690817912,9.167839161244636,94.9148626410408,98.49439300372548
6.5054867161091705,67.34766009481139,85.27889549997354,9.779421443160686,3,32.199527505789106,1.842993871227737,55.612006668981635,97.19408772473541
4.776400561850109,86.87506240548743,76.10954428506133,8.590999341582023,7,81.53402975425334,10.598993828015187,52.26347007856431,100.0
3.229578905510417,72.61089704449036,64.87370015171973,5.049754256906754,1,53.11699455354837,10.10928511906977,82.4598204186566,75.40613730771506
4.2037541078613545,61.2302411469991,68.87544856563419,9.859792305511954,8,93.42461199804558,3.3766612786924304,60.17786835679035,100.0
7.820614994179322,72.62197580663467,80.34412447905848,7.213171127454254,5,48.66726376633843,9.902568381137886,36.128406481944644,93.07741231384186
1.1295413976678028,57.04285101898999,45.99183189319091,7.076958607450726,8,80.73995495205119,9.649935063676295,49.796079146934986,72.44958319574047
2.0446537645622462,58.819349325311165,99.74337412397193,8.236512256006725,7,91.4352913755547,7.954382575293439,59.30075998720424,97.40028345853322
1.4140237781957747,74.91838863697399,98.23552135027482,8.682388516630963,6,32.91597728678777,5.108721945896563,50.47614978333764,87.05735553116754
1.3665592208707311,70.9462724752274,75.52279804428558,7.595350251320519,0,57.835330571442526,3.9864862960005465,53.254389966312516,74.91486564243607
8.699145256099065,95.742295053405,43.96797156504016,3.8966702245634,2,83.36163224153572,3.5496194931828504,50.564313432207356,96.01389987820794
7.332920734420213,68.11969495583165,77.61597697019039,5.367872541961489,10,61.84432226553109,4.504698590399679,32.90494170281556,100.0
5.267564461785927,79.02941751390217,35.05388862854231,9.496585482282349,1,48.707684085551676,10.939142877757833,74.59662905771097,77.73064090226579
1.8805074458590134,81.61321439597651,32.145675154406426,4.572309282906963,4,45.3863744176233,1.854048535876594,71.81046942474285,70.5031223470255
5.4245428760514915,50.654722829416684,48.03780219578496,5.605169166862593,4,39.206278684146454,10.117584038782546,75.73684489350765,72.6509612290428
5.261245937025091,83.17686860083553,62.383606971752144,6.0245381806093725,4,89.99906918993976,4.8377908254600595,43.461692722353924,93.15176404581455
2.5588168291901368,58.90179834348757,90.77907537858664,6.075834927861165,3,70.27487822760892,6.73759335612494,50.69581791287397,82.05343962200668
4.904664843141758,98.05351587347275,80.90183488364156,7.290577077461679,4,35.346946149401916,9.739341970133397,73.37311488614456,94.38632821008102
4.586542609576361,57.43313638765565,81.98945648399868,9.601530864212954,2,56.780622649944476,10.728142017252685,71.9739297921945,87.28544204178768
6.542650882469948,70.73120618635119,59.784533411365274,4.684848982827535,0,55.74135555635769,4.792595620799117,65.44312165479874,82.67620663724051
6.715842857808794,54.26748340393219,54.215449478287404,3.8505096341064267,4,42.72174334966241,6.080278294026214,54.52892750071382,76.34071025390956
1.4077360879484007,99.84371259229736,55.97271340892219,4.382293429019561,8,60.48553378305335,5.559676712984714,93.9051703342283,90.9797900311941
4.371513531638241,75.10975051656213,99.13546946152405,9.208474301464886,8,53.24695557751955,1.145761368543016,53.783916960919065,100.0
6.632739241428127,79.76925086600218,32.80764339887377,7.520675688586442,3,53.92625938445278,4.255371777445223,61.89334095060761,85.22345963838262
5.528226327220789,53.353823869421376,90.6922047285714,5.001347524674121,2,81.73185904515711,6.05108157105818,77.4679681667946,94.63191784014411
8.7084085706949,87.49802351995889,70.50727860006754,8.71162857278032,0,45.62843698536374,5.522029697684838,68.01150016067349,100.0
6.928242684570505,60.49527965477929,60.703079343271334,9.029589974544052,1,74.93019711987488,8.941221502672473,54.28201834550699,87.8533226231422
2.466409843732867,94.90271447203568,80.76803622905956,8.925600370831946,7,69.94547367166544,5.232839789432136,60.49513533195569,100.0
1.6351187266038685,60.25698202410036,64.0668258997292,9.432485735476881,0,69.76647586365071,6.383140938677372,85.61365724974543,79.30789193070811
6.78177350385684,59.534386033183324,91.13962666571624,4.765687141213531,7,76.41051422992432,5.725694513455997,49.46904088406287,100.0
1.2386017948745964,51.827483392404744,93.0491304807881,8.285293501223947,6,68.38674253369578,9.146887637838075,39.95786678437708,80.36676738214143
6.2719802314611695,73.60334725549995,59.520464881141876,6.22377648091898,7,91.54785803924693,10.492696388856588,51.921424128084396,95.20828101636053
9.462072172824618,78.24205666313082,49.37794580645361,8.893989870230431,5,77.29060643651819,6.850779869082656,89.46739508415308,100.0
6.179267600882911,53.285431971417616,71.46452300153535,8.099434740131294,8,68.28742759599717,9.683754136147103,36.229280039944264,90.60400802443128
4.493529335858697,88.77638083475053,93.86543419316837,8.435132125498072,2,88.08341842013513,4.264653502218357,99.41872513607163,100.0
6.789593965981179,72.66444173740138,44.746353230396664,7.593132863767501,9,72.43025954534357,6.955065711729956,67.87020292493638,99.34453752173616
5.12427601442365,76.219513466379,73.60766084944379,4.2420013862879475,3,50.38009734496253,4.797529490369697,98.93920207769658,93.39884303636683
5.910551103843415,72.03813734691141,74.20921540647643,6.8151884322785685,5,44.49664427235999,5.556210181290133,95.72974954601843,99.32704553726245
9.473183278988726,70.0381530437663,81.31791156906968,9.892688176671557,7,40.662944996387516,9.056552512939355,61.69695999476417,100.0
4.474923740206968,77.9820165654109,39.209737958908185,9.561716465479833,4,92.96186487822712,10.69828730565984,43.894375222374435,83.83838962345828
9.650715074415228,57.76201229653562,80.1077475277462,3.3022161505790817,2,79.70948022586461,2.33644930196542,41.54193435955969,97.7594202570846
9.148155777604574,59.09640652476355,93.63227644659487,4.153703710106059,5,95.61649067150245,7.981031821361186,46.79925547089702,100.0
2.762120213103668,93.08928105067587,42.57781762091694,3.9221014141819333,3,72.23042640004601,7.403581883355783,79.70928483951761,79.18025505075605
1.624251707876489,97.30577310668164,46.62803274467144,8.081859369897067,8,63.13806170464388,2.3025654309352506,49.106499631204144,87.91725720096832
1.9070020123968399,68.66546581398765,97.99765658291477,8.724497308998615,2,34.180154227962255,3.3308376348412,53.89976887230088,83.32472994123945
1.1639964308639477,63.53723365717769,42.66838668966429,4.494579564174703,3,77.01495970822208,4.421027442059483,61.41451627962304,67.56775630396905
1.8499866468033557,82.19997716195078,89.80695653587054,6.540968850662803,6,70.75461318377617,2.836241778992516,93.92628762950194,100.0
7.147060960747211,70.43670855490481,64.45944995136244,8.8849211960784,6,99.3146225511335,3.6810243077677596,43.25753925193923,100.0
1.6406978361420608,51.26931778301724,47.30617520822239,8.129610813363755,3,46.74111444475702,3.943608787478783,30.351858682686217,60.889399332198465
3.8707806726438516,57.80762986830952,90.9524930890758,6.795660438442938,5,67.1516148700785,4.692412163429656,34.20674872647191,87.56123105796244
8.60387779872509,85.79861144236988,61.171367850186584,7.13243383321141,2,75.56701345826508,9.243294980812749,93.33364391760826,100.0
1.209447421622433,82.94619709550757,66.03721477507831,6.55852382841396,5,75.12138223196405,7.2910342423566075,75.32615253903542,85.77052127420325
8.330216343300421,51.354799625174174,55.1463358579836,5.082839159231744,1,69.29054800638819,11.848713391465417,49.11284335294647,77.69921599113209
3.5366929729605996,61.098608096647474,71.50655960044492,6.955153950013113,7,84.38496072290579,5.5620940966421815,42.40347507078338,89.1774416296209
2.0634834485949063,61.55373982940357,41.446671080951596,7.822197114350635,1,44.34868466687715,9.292515812206176,50.59867156459801,58.801640895477135
7.270634488277356,83.59463717993643,57.375707565623244,9.113260411025653,10,80.79390401920911,10.586152635141872,38.03578490758961,100.0
6.660485621018956,50.98552688771821,97.85886256347013,7.454039477854737,6,73.38142000031624,8.468763423418462,95.90730371991087,100.0
8.897248121743477,55.205429099228695,48.06934028907892,8.327850759302105,8,92.72525782562013,5.530512144592456,84.89443220556868,100.0
7.615639394234972,89.99580426865947,75.97156651789045,4.120501444682011,0,89.30361073235072,9.289540938203283,62.36738238387785,97.22065724494301
8.231328373463636,58.927233102716684,52.76330449572864,6.2309023209385295,7,52.06029273927873,3.2403385154995332,90.54738235806414,100.0
3.538311153141758,82.63730539259373,84.14311879806205,3.065321338789653,6,49.33661274826072,4.603073816981457,47.46207430052626,85.79245581134903
2.5969558940175053,61.90913905233633,39.16115625028449,4.726752051651362,5,98.71573266967135,7.0135378060921765,80.19843979305355,79.77863164537023
7.755532764767725,54.97206963796726,97.88747315549813,8.085232005791035,5,66.90856266406796,7.329503260147631,89.92927493096204,100.0
8.261512653405376,62.1586095499727,61.76526789685475,9.942669659445544,5,93.44946747401058,1.243556230198924,54.97380981362908,100.0
9.91454627800606,86.11334659278296,46.52353243425247,3.6942466971105112,8,41.47167166463375,11.396256076316096,83.02251118155024,98.55223696633936
4.713559092202838,92.78482340531428,35.14477231310089,5.810460211029017,1,74.9973240360122,8.66289998339129,50.655064448501655,76.29616284860062
4.348162772135049,91.51099322834958,41.88305335612785,8.600496780894115,0,86.69021311524104,6.452741252550801,50.919999468132154,83.74774731630608
7.987716646677971,69.85917648092274,66.38417639892123,4.428249442402292,5,96.31766747105128,11.264399578491393,37.49400249879302,93.23638547472015
4.06723186227716,83.40425682853231,53.59022235019004,6.8855946451160035,9,53.61380987119165,5.830051217759113,60.80406325565791,91.17775211785818
9.376815930432082,60.24921477079105,88.02183561178266,8.131499072207724,10,80.74868189468367,11.78479127297409,81.07983345481955,100.0
8.725714766587107,64.65738651305067,60.162126656326414,7.311898151821254,7,67.71691063277333,6.635132329678336,95.81545638998995,100.0
4.860946246375165,94.81679092605599,47.40999908113409,4.316173142307913,2,34.244024824652776,2.257143469977774,72.26578943503672,81.48054398439727
7.757839610123476,50.6500961755368,73.2001490622821,5.487691980800176,9,78.29998161162604,9.41281069705205,90.41948764150173,100.0
7.7908858667621415,54.2754265427234,79.47440518198121,8.486542491397781,0,78.30675907664904,8.467874975856246,87.57462545031589,99.9156264523663
1.9281148195233935,60.394312757301364,41.69293355306649,6.879585598924116,8,95.1424763392576,9.502853934361454,42.13401370826966,75.56319597421793
9.1229761601161,51.32661019369099,41.73334514018224,3.036607294800389,0,64.81187123182806,11.465862315982491,64.0072200238842,73.86662391138276
5.547271352030714,59.071771754489866,32.56699988534801,8.326935320196657,2,46.11756444973602,9.5413823291612,38.18464748677741,65.89759646458772
8.438117194969674,79.15207804848461,81.54814105459484,3.2471794845816735,7,33.11946764140754,7.724702624383116,77.75072130931446,100.0
3.880446409275506,71.0712275296249,76.46631693352636,8.220136479118626,2,59.094953068013396,10.430397925969249,96.49297677722532,90.45251353724092
9.059709056465804,94.63358555384875,63.22416130248697,4.417363921156662,3,51.13416900542513,8.405710832899846,39.59626206551295,92.35233537820841
4.502815108607468,90.87217808692205,89.0919314278438,9.706514360835662,7,83.27618142167128,5.489309625085154,81.37181915617789,100.0
1.0975388633226852,67.0908675848938,86.39691070650372,5.575585259114591,0,54.79874353887326,10.741817406659505,74.25667056075027,71.56541348141161
9.148437787773373,62.971171671564626,70.97480550777266,5.2885213143665535,5,96.43498374203908,3.4409050686281013,70.85235259056698,100.0
1.821580091075202,68.98462040836334,90.7789896359281,4.042216352327113,0,97.36171420914489,8.861054023995965,57.30841642818375,79.8530997028545
3.873822738313734,79.51474712574039,44.40888470257378,5.139229508431504,0,73.46360131523957,10.697198004348326,54.85921534276688,69.63846959791832
9.550557703457244,63.403182041143815,37.83437335784095,9.136555332797403,7,95.0062200910418,9.044481716736259,33.16744323132215,98.45676091828986
9.555464322438006,81.2074453924567,48.88247280618927,9.97434036339073,10,83.25980411601469,8.670029609592426,45.253609577640944,100.0
6.160940993109575,70.47058260956203,33.99607992625204,5.5781667135479385,3,68.28017486825883,9.279021234790196,31.062381760077884,71.61183701775192
6.686534909528193,77.602359042599,67.18186696007224,6.140274416681798,0,42.62155547959447,6.1156077313070885,70.69919739074143,86.59683059130022
5.036009697804878,71.80632645676583,95.5623984606473,8.054496567419159,9,62.1018560459688,10.615877503727285,37.40972651145362,98.71968960543167
3.638896945282581,64.72328797709588,32.75404784679567,9.20337046325552,6,69.26121243538323,3.237801226497003,91.11135758208013,89.21305590133876
3.957980908329244,97.42266534810784,38.54769398070188,7.151310339307489,4,90.47731065145072,2.401250576003732,66.62001144880156,94.01934672443396
7.052666104693346,88.18028970798804,61.653931979840465,5.740679887244806,4,63.69333635749654,4.140596581303627,78.97829363410959,100.0
7.77137076493912,57.00565878832263,95.37125122695335,5.888352885940366,0,92.83722708745697,6.847351364524925,58.759996428834754,99.850995300533
8.124211393532637,93.42339879489563,52.13092734837254,7.869327025477648,9,77.20442853164283,6.616179749502719,69.24058663007341,100.0
8.106563285150985,74.37155991247567,65.50643660818747,3.0225278452299507,10,39.58993441375699,10.026586334442452,95.98614238766413,100.0
1.8208549274382133,94.72761134470457,32.91010013352745,7.337125362218885,5,99.6486958527565,5.450255220444191,35.791382773656956,80.25099725080467
5.449782742323233,89.99276279736577,40.38402406734622,5.488451073089502,8,66.90628625277388,6.327788689206595,47.77564403465873,89.06957786227052
1.5180288401497986,71.26067522346167,99.06410860711928,8.55938131893959,8,57.43008074863552,1.147044515853352,84.59918288373811,100.0
5.94575994091362,51.12346541600587,97.55830875052318,3.650934478761925,7,76.13796351286686,5.50713160087233,36.91160448178661,94.06624883827502
4.973774512360393,63.4338679692473,30.345798665408672,7.117415868638734,4,37.62253197867273,8.125516562453763,35.29627727328776,64.64300253240279
8.989337644824698,77.08171073304334,96.62682497962673,6.366810229202866,0,74.55770527273481,1.170591636892514,55.3078979127827,100.0
4.158235112968708,81.67391099130737,74.73839564708503,7.496278681336592,8,64.87652003494911,4.089701617048681,36.45175709307026,95.5530139348283
2.053603147848453,62.894384271660115,90.75428061640154,3.4539751613807783,0,58.467184899900815,3.287519952183289,70.95549095443423,77.5461716475724
2.2869251384755227,56.96780370364121,61.83178989437013,7.059886511996919,7,96.71140148252294,1.4618397180054705,45.83926755716199,88.0827551111759
7.85359568545725,91.74651183996495,66.09172200054752,6.930392115716666,4,66.57778017124372,6.271860989059912,92.69885742395607,100.0
6.56396256984635,99.22010903517761,64.21926061798442,6.924620660913197,2,45.33822356289569,2.9989562255097217,84.84500565916797,100.0
1.9101040851051123,76.28450911513428,76.6804980282273,7.224413666175184,10,62.1274435564109,9.173896935945182,78.97936442696333,94.52445348974858
1.756961255034977,58.583964292415175,39.7755878329419,7.735275560584536,6,94.35711832008708,10.327206721396834,73.18608191691513,77.69933919925106
7.30872218313208,63.61536632596845,32.098151291087454,8.634922997765388,6,42.32668299314163,7.001437009360625,90.44260112390243,90.364545230783
1.6548670572777417,50.919533827373336,51.55509591138336,4.888745040897501,8,44.97699270817658,11.798780767732557,45.61434430799298,61.17337375248569
8.396740533613206,95.71494032802495,79.32765339156526,8.775345871260434,6,30.91206974299586,5.955264286176549,91.11761899349594,100.0
7.3561800444084655,55.88755414450706,44.129741648606384,6.487789775844176,10,30.993303457703703,6.647050312474071,85.26446088968366,91.94494844719856
1.7321390257770979,78.82582377571268,77.14027033274421,3.539407953940318,2,88.05741388709588,11.88139529353525,82.371257847138,80.93468416401177
1.7635394267667273,63.7027610343603,97.89384322750892,3.4098565047078546,10,81.2485824790069,3.5470327956155367,69.28789746524468,97.96891601656262
9.87975620651058,77.70890012578967,36.573050105259284,5.339668230872426,0,54.85287395163708,11.368005336445957,47.237091267942006,79.37149980362463
4.368437161805083,82.57101941759322,77.08214827575884,8.494278839780273,7,78.8817810059301,1.4712131063102456,59.64835411943274,100.0
4.335779323602019,91.48709018536007,61.06251535131998,7.95376654318641,2,57.66441484169792,5.910255792895143,85.54994581771612,93.04318243488837
8.315196105317522,60.32106358803016,90.76995780642537,8.520304752706846,7,96.70277571984792,1.7700386334637235,32.22449390501271,100.0
9.525237196454729,50.549791432924025,42.400485261317016,6.6208833950912656,7,97.69368769982243,9.021582172050072,84.74355384846308,100.0
9.874009574405838,56.844281503440364,78.48381665583152,6.081392985688434,4,57.49556430665403,7.692498294680195,46.80495183412965,97.20643816677229
7.780403667330475,95.00093209240526,88.66807027536771,4.032167686943987,0,89.79553344386076,8.772976898143561,40.10164405051221,98.70117061847878
4.386336269778242,93.69450387812577,96.12299536318163,5.297349275265181,9,84.11623291882263,5.119284399648187,38.09909227262115,100.0
1.7515064502880189,79.87065510851542,77.82736198027521,6.038135563217127,6,51.699995602025254,5.064301274345183,31.90750083655706,79.29765333514149
7.994322243346931,80.02584302168268,64.8022334805899,3.6202030077573206,9,46.242788023077416,1.4985120685698408,66.6510539655017,100.0
6.025638247622245,83.25183372731277,73.24930681408497,4.544283668978479,4,62.07642552749837,4.849394334826037,45.278191088561066,91.2724985777392
4.817998083222786,58.76856393117248,90.82334891351027,7.187577058446172,7,84.69441884300844,11.222172424882654,99.26022360457421,100.0
9.157189465852625,95.72059729624799,69.94268226471809,8.14964179967433,8,97.21174493101218,5.1714919089849385,70.21057291105441,100.0
2.000777340755362,70.93852624460365,32.12709417877858,9.988432579750647,10,83.45053482066008,10.14504476844167,39.65196885492073,79.86220562703937
5.433625938617732,69.15692641247487,95.16640868548845,9.531793319404905,6,89.86448895128589,10.265580552249276,78.21337785679557,100.0
1.1021828029067717,75.94588526414188,78.26687257220928,7.497956396746341,6,72.21450143193616,5.105652720171572,92.84204965568077,94.94680413292421
5.217945777947136,52.348298338752755,77.35593700440725,5.9487363730585034,0,88.47854815894881,7.951875484358079,82.162564675873,88.63751975891743
1.5067294811365362,58.31416843780397,45.0972606678402,7.453241552957629,3,84.90946006023924,2.049087625003645,35.35079027276134,70.72055104924631
2.0693612464126474,86.90168082131852,76.121982916286,8.499561326561624,1,56.388987934839605,2.1404643880770413,92.71189268348617,93.12724542249933
2.057736220993944,54.139933396256325,57.570508395791094,3.828353336463711,1,68.63932114845048,1.5352343002788464,85.57505701019753,73.83656272698533
6.842892719044572,80.1576054733194,75.58630839290444,5.869334227874018,1,86.33271853927863,7.3911660271262045,41.08127300739301,93.1178388727793
7.71440391338881,62.26745548406605,37.46151212155935,8.87861599944932,3,33.22397139329695,5.686780753887067,33.62501221129718,76.5868253646339
6.250318885874437,69.46478070209884,76.04917132221252,5.686830663531309,0,86.5655497649081,7.028355923306641,69.01174027200159,92.95492249384537
9.659552936270877,64.43468683853499,99.95896080394665,7.003105898590306,3,42.45216868343164,6.731805095592266,40.922506793798384,100.0
4.373835215713337,67.78363582324747,33.374842720238924,7.114385526035387,1,66.02785319850074,4.852232901998033,88.42136668166904,79.25950336251216
3.571408776536747,85.95229525921228,98.4021928954922,4.291333771935475,4,86.57928076891562,8.452207563058202,55.08342596701716,95.73073396770418
8.817392153705143,64.85608578115875,58.48355725060094,5.535648091566019,2,47.76747547096864,9.343520690080299,93.90247113156028,92.37390998737598
3.0123625466750736,78.32023201484486,90.95274152360814,5.341579021193525,7,47.20652075143071,1.1609108476544328,69.5981720498704,96.84754651474584
9.669002854965502,73.80252010995498,84.76698388407914,3.1833769597244537,3,58.19350789235763,3.2796652974576617,42.78706689677677,99.73518191705644
1.109390272208347,83.1835582681324,69.69113826906676,3.169342347239487,0,92.62499583043441,8.845594548916704,39.771920715186006,69.18832305522812
9.728909440368751,96.84148696623791,81.69144464759285,8.821879305730414,0,30.030994700604552,5.252821898972176,70.35307062904278,100.0
1.388439207555185,86.62860486051252,91.49608929109435,4.911495669809687,9,93.09681676493545,8.28732341635769,83.33185283037108,100.0
9.02028802328264,60.74701892953784,58.28982251557231,6.626551363671708,2,40.76649172491254,4.8165892570801425,84.70539534195275,93.91549861012057
5.749309981776698,51.55915675306424,52.892321309426706,5.091079015121411,8,99.30604632472374,5.298306675626008,49.30301831088969,91.12520163572816
9.936683165073703,63.113202214991254,76.73153698945093,9.584754715807383,6,96.83928951269277,2.745467610586534,44.297273123851724,100.0
1.6641690826185898,79.75389653501274,86.5492159358881,4.815077312060416,1,64.62726327138984,3.84054121632776,31.17294131446677,75.70597007457512
5.984688559611887,52.57129067421252,83.3599594343631,6.007597689172545,8,65.89041734688396,7.6595293325834595,77.54394058408185,99.67552083158293
9.72372282057189,74.81831236006181,85.84695542010442,9.109111753392213,9,63.7084538193098,5.76479422446683,35.35977809034773,100.0
5.707880597531339,79.84214244584446,60.49083203690531,8.89353496754266,1,74.48105519616658,9.517329512390546,59.45328412361481,89.24473372048456
6.664587743217362,66.71219454084805,87.24839513225152,4.302709924923941,2,36.35051915644517,10.37843450432177,72.11775148128072,85.69130181601324
7.261738200861554,88.54561018729109,38.41463387594259,8.618503168569973,10,32.28325638390965,6.958110600384359,95.59762614437739,100.0
5.090869582909959,55.32991265668859,68.11423685725947,6.207308207165249,9,34.03920498911292,9.340940212616651,51.8261495869038,82.05063902593776
6.648022720756571,53.75688908679044,30.40310623486851,6.380782104597486,1,61.105574446906004,4.37594964514027,47.484051371256385,71.79256090884437
6.258828807307902,86.40943781018017,52.72100809301892,3.9343598069116066,2,49.28835574536384,5.564683369400861,75.79121080002689,85.66085462629931
9.110422094418901,74.77456581030992,55.65230744099785,3.5642105962998727,5,73.54276936596956,8.84055443838514,73.34673224375072,97.87237263381931
1.409017423073121,84.4201198213868,57.732088412647876,8.095575148816357,8,99.47096025623453,5.248331920987337,53.24768483156872,93.14013495235574
3.528668706330073,71.74136693018731,78.68270446829035,6.475228066487098,8,57.042622115352614,7.473554286748877,94.96712848568505,98.26210798256322
9.553703356689029,62.32010166195534,57.1990670889242,6.057954918306256,6,70.16888778731594,3.0391005699076263,89.14036292427429,100.0
9.012374055018247,90.95511588371,61.408553583577145,8.106557600566777,2,59.09227271351348,7.597484464675477,45.67877821055568,98.23452622497899
5.100910775071417,89.97079394844897,46.62808916120292,8.358590292937768,3,89.30901674053015,10.476650779495829,46.73997818041662,87.65022136068671
6.581193380213831,84.73482354272133,56.12762541405381,4.112357173685475,5,93.15654824235666,10.555036038057683,65.86102428209564,94.79359508551049
3.496430646830194,63.607256861498136,45.9088739084206,7.271576046343489,10,91.4148928543682,8.967788469624937,84.15004712115042,94.0098896173103
2.6930904375138516,79.51153334345435,35.123714663791056,3.9474785759437987,4,98.20605670754803,9.203287169837386,33.082826557192504,69.31063382853635
5.173285644459839,68.04869484700134,72.24140153669646,8.25962560220332,1,31.92634295982907,7.137201896657707,78.53346076142947,84.4760887363693
4.180170052234475,54.579103666331704,76.77489589885113,7.5986860938699765,5,88.78713135018717,7.4313489918240725,75.37651281674678,95.00343362367418
6.252905006657849,95.86567877311214,73.36432422067301,9.696302347584206,2,82.62405211273654,2.4701563955156978,46.20360671390918,100.0
1.6996117326848634,56.84093154594807,62.44458306604007,3.482706114494948,7,46.00860865802554,5.882451072634312,77.69471092689442,73.80120523497258
9.769553268995498,97.51186769104012,56.585004612546086,3.3993830480587803,1,96.94240653712693,5.958539122750002,95.81282338764578,100.0
9.875896700316426,72.30028864789779,90.43335547002776,4.975309522852401,0,40.37245497609618,11.543476192345143,33.2750091480238,87.79044505915853
